TCIA_Subject_ID,BraTS_2020_ID,Age,Gender,Histology,Grade,IDH_status,ATRX_status,1p/19q_co-deletion
NA,BraTS20_Training_001,NA,NA,NA,HGG,NA,NA,NA
NA,BraTS20_Training_002,NA,NA,NA,HGG,NA,NA,NA
NA,BraTS20_Training_003,NA,NA,NA,HGG,NA,NA,NA
NA,BraTS20_Training_004,NA,NA,NA,HGG,NA,NA,NA
NA,BraTS20_Training_005,NA,NA,NA,HGG,NA,NA,NA
NA,BraTS20_Training_006,NA,NA,NA,HGG,NA,NA,NA
NA,BraTS20_Training_007,NA,NA,NA,HGG,NA,NA,NA
NA,BraTS20_Training_008,NA,NA,NA,HGG,NA,NA,NA
NA,BraTS20_Training_009,NA,NA,NA,HGG,NA,NA,NA
NA,BraTS20_Training_010,NA,NA,NA,HGG,NA,NA,NA
NA,BraTS20_Training_011,NA,NA,NA,HGG,NA,NA,NA
NA,BraTS20_Training_012,NA,NA,NA,HGG,NA,NA,NA
NA,BraTS20_Training_013,NA,NA,NA,HGG,NA,NA,NA
NA,BraTS20_Training_014,NA,NA,NA,HGG,NA,NA,NA
NA,BraTS20_Training_015,NA,NA,NA,HGG,NA,NA,NA
NA,BraTS20_Training_016,NA,NA,NA,HGG,NA,NA,NA
NA,BraTS20_Training_017,NA,NA,NA,HGG,NA,NA,NA
NA,BraTS20_Training_018,NA,NA,NA,HGG,NA,NA,NA
NA,BraTS20_Training_019,NA,NA,NA,HGG,NA,NA,NA
NA,BraTS20_Training_020,NA,NA,NA,HGG,NA,NA,NA
NA,BraTS20_Training_021,NA,NA,NA,HGG,NA,NA,NA
NA,BraTS20_Training_022,NA,NA,NA,HGG,NA,NA,NA
NA,BraTS20_Training_023,NA,NA,NA,HGG,NA,NA,NA
NA,BraTS20_Training_024,NA,NA,NA,HGG,NA,NA,NA
NA,BraTS20_Training_025,NA,NA,NA,HGG,NA,NA,NA
NA,BraTS20_Training_026,NA,NA,NA,HGG,NA,NA,NA
NA,BraTS20_Training_027,NA,NA,NA,HGG,NA,NA,NA
NA,BraTS20_Training_028,NA,NA,NA,HGG,NA,NA,NA
NA,BraTS20_Training_029,NA,NA,NA,HGG,NA,NA,NA
NA,BraTS20_Training_030,NA,NA,NA,HGG,NA,NA,NA
NA,BraTS20_Training_031,NA,NA,NA,HGG,NA,NA,NA
NA,BraTS20_Training_032,NA,NA,NA,HGG,NA,NA,NA
NA,BraTS20_Training_033,NA,NA,NA,HGG,NA,NA,NA
NA,BraTS20_Training_034,NA,NA,NA,HGG,NA,NA,NA
NA,BraTS20_Training_035,NA,NA,NA,HGG,NA,NA,NA
NA,BraTS20_Training_036,NA,NA,NA,HGG,NA,NA,NA
NA,BraTS20_Training_037,NA,NA,NA,HGG,NA,NA,NA
NA,BraTS20_Training_038,NA,NA,NA,HGG,NA,NA,NA
NA,BraTS20_Training_039,NA,NA,NA,HGG,NA,NA,NA
NA,BraTS20_Training_040,NA,NA,NA,HGG,NA,NA,NA
NA,BraTS20_Training_041,NA,NA,NA,HGG,NA,NA,NA
NA,BraTS20_Training_042,NA,NA,NA,HGG,NA,NA,NA
NA,BraTS20_Training_043,NA,NA,NA,HGG,NA,NA,NA
NA,BraTS20_Training_044,NA,NA,NA,HGG,NA,NA,NA
NA,BraTS20_Training_045,NA,NA,NA,HGG,NA,NA,NA
NA,BraTS20_Training_046,NA,NA,NA,HGG,NA,NA,NA
NA,BraTS20_Training_047,NA,NA,NA,HGG,NA,NA,NA
NA,BraTS20_Training_048,NA,NA,NA,HGG,NA,NA,NA
NA,BraTS20_Training_049,NA,NA,NA,HGG,NA,NA,NA
NA,BraTS20_Training_050,NA,NA,NA,HGG,NA,NA,NA
NA,BraTS20_Training_051,NA,NA,NA,HGG,NA,NA,NA
NA,BraTS20_Training_052,NA,NA,NA,HGG,NA,NA,NA
NA,BraTS20_Training_053,NA,NA,NA,HGG,NA,NA,NA
NA,BraTS20_Training_054,NA,NA,NA,HGG,NA,NA,NA
NA,BraTS20_Training_055,NA,NA,NA,HGG,NA,NA,NA
NA,BraTS20_Training_056,NA,NA,NA,HGG,NA,NA,NA
NA,BraTS20_Training_057,NA,NA,NA,HGG,NA,NA,NA
NA,BraTS20_Training_058,NA,NA,NA,HGG,NA,NA,NA
NA,BraTS20_Training_059,NA,NA,NA,HGG,NA,NA,NA
NA,BraTS20_Training_060,NA,NA,NA,HGG,NA,NA,NA
NA,BraTS20_Training_061,NA,NA,NA,HGG,NA,NA,NA
NA,BraTS20_Training_062,NA,NA,NA,HGG,NA,NA,NA
NA,BraTS20_Training_063,NA,NA,NA,HGG,NA,NA,NA
NA,BraTS20_Training_064,NA,NA,NA,HGG,NA,NA,NA
NA,BraTS20_Training_065,NA,NA,NA,HGG,NA,NA,NA
NA,BraTS20_Training_066,NA,NA,NA,HGG,NA,NA,NA
NA,BraTS20_Training_067,NA,NA,NA,HGG,NA,NA,NA
NA,BraTS20_Training_068,NA,NA,NA,HGG,NA,NA,NA
NA,BraTS20_Training_069,NA,NA,NA,HGG,NA,NA,NA
NA,BraTS20_Training_070,NA,NA,NA,HGG,NA,NA,NA
NA,BraTS20_Training_071,NA,NA,NA,HGG,NA,NA,NA
NA,BraTS20_Training_072,NA,NA,NA,HGG,NA,NA,NA
NA,BraTS20_Training_073,NA,NA,NA,HGG,NA,NA,NA
NA,BraTS20_Training_074,NA,NA,NA,HGG,NA,NA,NA
NA,BraTS20_Training_075,NA,NA,NA,HGG,NA,NA,NA
NA,BraTS20_Training_076,NA,NA,NA,HGG,NA,NA,NA
NA,BraTS20_Training_077,NA,NA,NA,HGG,NA,NA,NA
NA,BraTS20_Training_078,NA,NA,NA,HGG,NA,NA,NA
NA,BraTS20_Training_079,NA,NA,NA,HGG,NA,NA,NA
NA,BraTS20_Training_080,NA,NA,NA,HGG,NA,NA,NA
NA,BraTS20_Training_081,NA,NA,NA,HGG,NA,NA,NA
NA,BraTS20_Training_082,NA,NA,NA,HGG,NA,NA,NA
NA,BraTS20_Training_083,NA,NA,NA,HGG,NA,NA,NA
NA,BraTS20_Training_084,NA,NA,NA,HGG,NA,NA,NA
NA,BraTS20_Training_085,NA,NA,NA,HGG,NA,NA,NA
NA,BraTS20_Training_086,NA,NA,NA,HGG,NA,NA,NA
NA,BraTS20_Training_087,NA,NA,NA,HGG,NA,NA,NA
NA,BraTS20_Training_088,NA,NA,NA,HGG,NA,NA,NA
NA,BraTS20_Training_089,NA,NA,NA,HGG,NA,NA,NA
NA,BraTS20_Training_090,NA,NA,NA,HGG,NA,NA,NA
NA,BraTS20_Training_091,NA,NA,NA,HGG,NA,NA,NA
NA,BraTS20_Training_092,NA,NA,NA,HGG,NA,NA,NA
NA,BraTS20_Training_093,NA,NA,NA,HGG,NA,NA,NA
NA,BraTS20_Training_094,NA,NA,NA,HGG,NA,NA,NA
NA,BraTS20_Training_095,NA,NA,NA,HGG,NA,NA,NA
NA,BraTS20_Training_096,NA,NA,NA,HGG,NA,NA,NA
NA,BraTS20_Training_097,NA,NA,NA,HGG,NA,NA,NA
NA,BraTS20_Training_098,NA,NA,NA,HGG,NA,NA,NA
NA,BraTS20_Training_099,NA,NA,NA,HGG,NA,NA,NA
NA,BraTS20_Training_100,NA,NA,NA,HGG,NA,NA,NA
NA,BraTS20_Training_101,NA,NA,NA,HGG,NA,NA,NA
NA,BraTS20_Training_102,NA,NA,NA,HGG,NA,NA,NA
NA,BraTS20_Training_103,NA,NA,NA,HGG,NA,NA,NA
NA,BraTS20_Training_104,NA,NA,NA,HGG,NA,NA,NA
NA,BraTS20_Training_105,NA,NA,NA,HGG,NA,NA,NA
NA,BraTS20_Training_106,NA,NA,NA,HGG,NA,NA,NA
NA,BraTS20_Training_107,NA,NA,NA,HGG,NA,NA,NA
NA,BraTS20_Training_108,NA,NA,NA,HGG,NA,NA,NA
NA,BraTS20_Training_109,NA,NA,NA,HGG,NA,NA,NA
NA,BraTS20_Training_110,NA,NA,NA,HGG,NA,NA,NA
NA,BraTS20_Training_111,NA,NA,NA,HGG,NA,NA,NA
NA,BraTS20_Training_112,NA,NA,NA,HGG,NA,NA,NA
NA,BraTS20_Training_113,NA,NA,NA,HGG,NA,NA,NA
NA,BraTS20_Training_114,NA,NA,NA,HGG,NA,NA,NA
NA,BraTS20_Training_115,NA,NA,NA,HGG,NA,NA,NA
NA,BraTS20_Training_116,NA,NA,NA,HGG,NA,NA,NA
NA,BraTS20_Training_117,NA,NA,NA,HGG,NA,NA,NA
NA,BraTS20_Training_118,NA,NA,NA,HGG,NA,NA,NA
NA,BraTS20_Training_119,NA,NA,NA,HGG,NA,NA,NA
NA,BraTS20_Training_120,NA,NA,NA,HGG,NA,NA,NA
NA,BraTS20_Training_121,NA,NA,NA,HGG,NA,NA,NA
NA,BraTS20_Training_122,NA,NA,NA,HGG,NA,NA,NA
NA,BraTS20_Training_123,NA,NA,NA,HGG,NA,NA,NA
NA,BraTS20_Training_124,NA,NA,NA,HGG,NA,NA,NA
NA,BraTS20_Training_125,NA,NA,NA,HGG,NA,NA,NA
NA,BraTS20_Training_126,NA,NA,NA,HGG,NA,NA,NA
NA,BraTS20_Training_127,NA,NA,NA,HGG,NA,NA,NA
NA,BraTS20_Training_128,NA,NA,NA,HGG,NA,NA,NA
NA,BraTS20_Training_129,NA,NA,NA,HGG,NA,NA,NA
NA,BraTS20_Training_130,NA,NA,NA,HGG,NA,NA,NA
NA,BraTS20_Training_131,NA,NA,NA,HGG,NA,NA,NA
NA,BraTS20_Training_132,NA,NA,NA,HGG,NA,NA,NA
NA,BraTS20_Training_133,NA,NA,NA,HGG,NA,NA,NA
NA,BraTS20_Training_134,NA,NA,NA,HGG,NA,NA,NA
NA,BraTS20_Training_135,NA,NA,NA,HGG,NA,NA,NA
NA,BraTS20_Training_136,NA,NA,NA,HGG,NA,NA,NA
NA,BraTS20_Training_137,NA,NA,NA,HGG,NA,NA,NA
NA,BraTS20_Training_138,NA,NA,NA,HGG,NA,NA,NA
NA,BraTS20_Training_139,NA,NA,NA,HGG,NA,NA,NA
NA,BraTS20_Training_140,NA,NA,NA,HGG,NA,NA,NA
NA,BraTS20_Training_141,NA,NA,NA,HGG,NA,NA,NA
NA,BraTS20_Training_142,NA,NA,NA,HGG,NA,NA,NA
NA,BraTS20_Training_143,NA,NA,NA,HGG,NA,NA,NA
NA,BraTS20_Training_144,NA,NA,NA,HGG,NA,NA,NA
NA,BraTS20_Training_145,NA,NA,NA,HGG,NA,NA,NA
NA,BraTS20_Training_146,NA,NA,NA,HGG,NA,NA,NA
NA,BraTS20_Training_147,NA,NA,NA,HGG,NA,NA,NA
NA,BraTS20_Training_148,NA,NA,NA,HGG,NA,NA,NA
NA,BraTS20_Training_149,NA,NA,NA,HGG,NA,NA,NA
NA,BraTS20_Training_150,NA,NA,NA,HGG,NA,NA,NA
NA,BraTS20_Training_151,NA,NA,NA,HGG,NA,NA,NA
NA,BraTS20_Training_152,NA,NA,NA,HGG,NA,NA,NA
NA,BraTS20_Training_153,NA,NA,NA,HGG,NA,NA,NA
NA,BraTS20_Training_154,NA,NA,NA,HGG,NA,NA,NA
NA,BraTS20_Training_155,NA,NA,NA,HGG,NA,NA,NA
NA,BraTS20_Training_156,NA,NA,NA,HGG,NA,NA,NA
NA,BraTS20_Training_157,NA,NA,NA,HGG,NA,NA,NA
TCGA-02-0006,BraTS20_Training_158,56,female,glioblastoma,HGG,WT,WT,non-codel
TCGA-02-0009,BraTS20_Training_159,61,female,glioblastoma,HGG,WT,WT,non-codel
TCGA-02-0059,BraTS20_Training_168,68,female,glioblastoma,HGG,WT,WT,non-codel
TCGA-02-0064,BraTS20_Training_169,50,male,glioblastoma,HGG,WT,WT,non-codel
TCGA-02-0068,BraTS20_Training_170,57,male,glioblastoma,HGG,WT,WT,non-codel
TCGA-02-0069,BraTS20_Training_171,31,female,glioblastoma,HGG,WT,WT,non-codel
TCGA-02-0070,BraTS20_Training_172,70,male,glioblastoma,HGG,WT,WT,non-codel
TCGA-02-0075,BraTS20_Training_173,63,male,glioblastoma,HGG,WT,WT,non-codel
TCGA-02-0085,BraTS20_Training_174,63,female,glioblastoma,HGG,WT,WT,non-codel
TCGA-02-0086,BraTS20_Training_175,45,female,glioblastoma,HGG,WT,WT,non-codel
TCGA-02-0087,BraTS20_Training_176,27,female,glioblastoma,HGG,WT,WT,non-codel
TCGA-02-0102,BraTS20_Training_177,42,male,glioblastoma,HGG,WT,WT,non-codel
TCGA-02-0106,BraTS20_Training_178,54,male,glioblastoma,HGG,WT,WT,non-codel
TCGA-02-0116,BraTS20_Training_179,51,male,glioblastoma,HGG,WT,WT,non-codel
TCGA-06-0154,BraTS20_Training_189,54,male,glioblastoma,HGG,WT,WT,non-codel
TCGA-06-0158,BraTS20_Training_190,73,male,glioblastoma,HGG,WT,WT,non-codel
TCGA-06-0162,BraTS20_Training_191,47,female,glioblastoma,HGG,WT,WT,non-codel
TCGA-06-0164,BraTS20_Training_192,47,male,glioblastoma,HGG,WT,WT,non-codel
TCGA-06-0176,BraTS20_Training_193,34,male,glioblastoma,HGG,WT,WT,non-codel
TCGA-06-0177,BraTS20_Training_194,64,male,glioblastoma,HGG,WT,WT,non-codel
TCGA-06-0179,BraTS20_Training_195,64,male,glioblastoma,HGG,WT,WT,non-codel
TCGA-06-0182,BraTS20_Training_196,76,male,glioblastoma,HGG,WT,WT,non-codel
TCGA-06-0184,BraTS20_Training_197,63,male,glioblastoma,HGG,WT,WT,non-codel
TCGA-06-0185,BraTS20_Training_198,54,male,glioblastoma,HGG,WT,WT,non-codel
TCGA-06-0240,BraTS20_Training_204,57,male,glioblastoma,HGG,WT,WT,non-codel
TCGA-06-0644,BraTS20_Training_205,71,male,glioblastoma,HGG,WT,WT,non-codel
TCGA-06-0646,BraTS20_Training_206,60,male,glioblastoma,HGG,WT,WT,non-codel
TCGA-06-1084,BraTS20_Training_207,54,male,glioblastoma,HGG,WT,WT,non-codel
TCGA-06-1802,BraTS20_Training_208,61,male,glioblastoma,HGG,WT,WT,non-codel
TCGA-06-2570,BraTS20_Training_209,21,female,glioblastoma,HGG,Mutant,Mutant,non-codel
TCGA-06-5408,BraTS20_Training_210,54,female,glioblastoma,HGG,WT,WT,non-codel
TCGA-06-5413,BraTS20_Training_211,67,male,glioblastoma,HGG,WT,WT,non-codel
TCGA-06-5417,BraTS20_Training_212,45,female,glioblastoma,HGG,Mutant,Mutant,non-codel
TCGA-06-6389,BraTS20_Training_213,49,female,glioblastoma,HGG,Mutant,WT,non-codel
TCGA-08-0355,BraTS20_Training_214,30,female,glioblastoma,HGG,WT,WT,non-codel
TCGA-08-0356,BraTS20_Training_215,59,female,glioblastoma,HGG,WT,WT,non-codel
TCGA-08-0359,BraTS20_Training_216,59,female,glioblastoma,HGG,WT,WT,non-codel
TCGA-08-0360,BraTS20_Training_217,76,male,glioblastoma,HGG,WT,WT,non-codel
TCGA-08-0512,BraTS20_Training_223,48,male,glioblastoma,HGG,WT,WT,non-codel
TCGA-08-0520,BraTS20_Training_224,70,male,glioblastoma,HGG,WT,WT,non-codel
TCGA-08-0522,BraTS20_Training_225,61,male,glioblastoma,HGG,WT,WT,non-codel
TCGA-12-0616,BraTS20_Training_226,36,female,glioblastoma,HGG,WT,WT,non-codel
TCGA-12-0776,BraTS20_Training_227,52,male,glioblastoma,HGG,WT,WT,non-codel
TCGA-12-0829,BraTS20_Training_228,75,male,glioblastoma,HGG,WT,WT,non-codel
TCGA-12-1094,BraTS20_Training_229,56,male,glioblastoma,HGG,WT,WT,non-codel
TCGA-12-1098,BraTS20_Training_230,75,female,glioblastoma,HGG,WT,WT,non-codel
TCGA-12-1598,BraTS20_Training_231,75,female,glioblastoma,HGG,WT,WT,non-codel
TCGA-12-1601,BraTS20_Training_232,71,male,glioblastoma,HGG,WT,WT,non-codel
TCGA-12-3650,BraTS20_Training_233,46,male,glioblastoma,HGG,WT,WT,non-codel
TCGA-14-1456,BraTS20_Training_234,23,male,glioblastoma,HGG,Mutant,Mutant,non-codel
TCGA-14-1794,BraTS20_Training_235,59,male,glioblastoma,HGG,WT,WT,non-codel
TCGA-14-1825,BraTS20_Training_236,70,male,glioblastoma,HGG,WT,WT,non-codel
TCGA-14-3477,BraTS20_Training_237,38,female,glioblastoma,HGG,WT,WT,non-codel
TCGA-19-0963,BraTS20_Training_238,61,male,glioblastoma,HGG,NA,NA,NA
TCGA-19-1789,BraTS20_Training_239,69,female,glioblastoma,HGG,WT,WT,non-codel
TCGA-19-2624,BraTS20_Training_240,51,male,glioblastoma,HGG,WT,WT,non-codel
TCGA-19-2631,BraTS20_Training_241,74,female,glioblastoma,HGG,WT,WT,non-codel
TCGA-19-5951,BraTS20_Training_242,76,female,glioblastoma,HGG,WT,WT,non-codel
TCGA-19-5954,BraTS20_Training_243,72,female,glioblastoma,HGG,WT,WT,non-codel
TCGA-76-4934,BraTS20_Training_247,66,female,glioblastoma,HGG,WT,WT,non-codel
TCGA-76-4935,BraTS20_Training_248,52,female,glioblastoma,HGG,WT,WT,non-codel
TCGA-76-6661,BraTS20_Training_256,54,male,glioblastoma,HGG,WT,WT,non-codel
TCGA-76-6662,BraTS20_Training_257,58,male,glioblastoma,HGG,WT,WT,non-codel
TCGA-76-6663,BraTS20_Training_258,44,female,glioblastoma,HGG,WT,WT,non-codel
TCGA-76-6664,BraTS20_Training_259,49,female,glioblastoma,HGG,WT,WT,non-codel
NA,BraTS20_Training_260,NA,NA,NA,LGG,NA,NA,NA
NA,BraTS20_Training_261,NA,NA,NA,LGG,NA,NA,NA
NA,BraTS20_Training_262,NA,NA,NA,LGG,NA,NA,NA
NA,BraTS20_Training_263,NA,NA,NA,LGG,NA,NA,NA
NA,BraTS20_Training_264,NA,NA,NA,LGG,NA,NA,NA
NA,BraTS20_Training_265,NA,NA,NA,LGG,NA,NA,NA
NA,BraTS20_Training_266,NA,NA,NA,LGG,NA,NA,NA
NA,BraTS20_Training_267,NA,NA,NA,LGG,NA,NA,NA
NA,BraTS20_Training_268,NA,NA,NA,LGG,NA,NA,NA
NA,BraTS20_Training_269,NA,NA,NA,LGG,NA,NA,NA
NA,BraTS20_Training_270,NA,NA,NA,LGG,NA,NA,NA
TCGA-CS-4942,BraTS20_Training_271,44,female,astrocytoma,LGG,Mutant,WT,non-codel
TCGA-CS-4944,BraTS20_Training_272,50,male,astrocytoma,LGG,Mutant,WT,non-codel
TCGA-CS-5393,BraTS20_Training_273,39,male,astrocytoma,LGG,Mutant,WT,non-codel
TCGA-CS-5396,BraTS20_Training_274,53,female,oligodendroglioma,LGG,Mutant,WT,codel
TCGA-CS-5397,BraTS20_Training_275,54,female,astrocytoma,LGG,WT,WT,non-codel
TCGA-CS-6186,BraTS20_Training_276,58,male,oligoastrocytoma,LGG,WT,WT,non-codel
TCGA-CS-6188,BraTS20_Training_277,48,male,astrocytoma,LGG,WT,WT,non-codel
TCGA-CS-6665,BraTS20_Training_278,51,female,astrocytoma,LGG,Mutant,WT,non-codel
TCGA-CS-6666,BraTS20_Training_279,22,male,astrocytoma,LGG,Mutant,Mutant,non-codel
TCGA-CS-6668,BraTS20_Training_280,57,female,oligodendroglioma,LGG,Mutant,WT,codel
TCGA-CS-6669,BraTS20_Training_281,26,female,oligodendroglioma,LGG,WT,WT,non-codel
TCGA-DU-5851,BraTS20_Training_282,40,female,oligoastrocytoma,LGG,Mutant,Mutant,non-codel
TCGA-DU-5854,BraTS20_Training_283,57,female,astrocytoma,LGG,WT,WT,non-codel
TCGA-DU-5855,BraTS20_Training_284,49,female,oligoastrocytoma,LGG,Mutant,Mutant,non-codel
TCGA-DU-5872,BraTS20_Training_285,43,female,oligoastrocytoma,LGG,Mutant,Mutant,non-codel
TCGA-DU-5874,BraTS20_Training_286,62,female,oligodendroglioma,LGG,Mutant,WT,codel
TCGA-DU-6404,BraTS20_Training_287,24,female,oligodendroglioma,LGG,WT,WT,non-codel
TCGA-DU-6542,BraTS20_Training_288,25,male,oligoastrocytoma,LGG,Mutant,WT,non-codel
TCGA-DU-7008,BraTS20_Training_289,41,female,oligodendroglioma,LGG,Mutant,Mutant,non-codel
TCGA-DU-7010,BraTS20_Training_290,58,female,astrocytoma,LGG,Mutant,WT,non-codel
TCGA-DU-7014,BraTS20_Training_291,59,male,oligodendroglioma,LGG,WT,WT,non-codel
TCGA-DU-7015,BraTS20_Training_292,41,female,oligodendroglioma,LGG,Mutant,Mutant,non-codel
TCGA-DU-7018,BraTS20_Training_293,57,female,oligodendroglioma,LGG,Mutant,WT,codel
TCGA-DU-7019,BraTS20_Training_294,39,male,oligoastrocytoma,LGG,Mutant,WT,non-codel
TCGA-DU-7294,BraTS20_Training_295,53,female,oligodendroglioma,LGG,Mutant,WT,codel
TCGA-DU-7298,BraTS20_Training_296,38,female,astrocytoma,LGG,Mutant,Mutant,non-codel
TCGA-DU-7299,BraTS20_Training_297,33,male,astrocytoma,LGG,Mutant,WT,non-codel
TCGA-DU-7300,BraTS20_Training_298,53,female,oligodendroglioma,LGG,Mutant,WT,codel
TCGA-DU-7301,BraTS20_Training_299,53,male,oligodendroglioma,LGG,Mutant,Mutant,non-codel
TCGA-DU-7302,BraTS20_Training_300,48,female,oligodendroglioma,LGG,Mutant,WT,codel
TCGA-DU-7304,BraTS20_Training_301,43,male,oligoastrocytoma,LGG,Mutant,Mutant,non-codel
TCGA-DU-7306,BraTS20_Training_302,67,male,oligoastrocytoma,LGG,Mutant,Mutant,non-codel
TCGA-DU-7309,BraTS20_Training_303,41,female,oligodendroglioma,LGG,Mutant,Mutant,non-codel
TCGA-DU-8164,BraTS20_Training_305,51,male,oligodendroglioma,LGG,Mutant,WT,codel
TCGA-DU-8166,BraTS20_Training_306,29,female,oligoastrocytoma,LGG,Mutant,Mutant,non-codel
TCGA-DU-8167,BraTS20_Training_307,69,female,oligoastrocytoma,LGG,Mutant,Mutant,non-codel
TCGA-DU-8168,BraTS20_Training_308,55,female,oligodendroglioma,LGG,Mutant,WT,codel
TCGA-DU-A5TR,BraTS20_Training_309,51,male,oligoastrocytoma,LGG,Mutant,Mutant,non-codel
TCGA-DU-A5TS,BraTS20_Training_310,42,male,oligodendroglioma,LGG,Mutant,Mutant,non-codel
TCGA-DU-A5TU,BraTS20_Training_312,62,female,astrocytoma,LGG,Mutant,Mutant,non-codel
TCGA-DU-A5TW,BraTS20_Training_313,33,female,astrocytoma,LGG,Mutant,Mutant,non-codel
TCGA-DU-A6S7,BraTS20_Training_315,27,female,astrocytoma,LGG,Mutant,Mutant,non-codel
TCGA-DU-A6S8,BraTS20_Training_316,74,female,oligodendroglioma,LGG,Mutant,WT,codel
TCGA-FG-5964,BraTS20_Training_317,62,male,oligodendroglioma,LGG,Mutant,WT,codel
TCGA-FG-6689,BraTS20_Training_318,30,male,astrocytoma,LGG,Mutant,Mutant,non-codel
TCGA-FG-6691,BraTS20_Training_319,23,female,astrocytoma,LGG,Mutant,Mutant,non-codel
TCGA-FG-7634,BraTS20_Training_321,28,male,oligodendroglioma,LGG,Mutant,WT,codel
TCGA-FG-A4MT,BraTS20_Training_322,27,female,oligodendroglioma,LGG,Mutant,Mutant,non-codel
TCGA-HT-7473,BraTS20_Training_323,28,male,oligoastrocytoma,LGG,Mutant,Mutant,non-codel
TCGA-HT-7602,BraTS20_Training_324,21,male,oligodendroglioma,LGG,Mutant,WT,non-codel
TCGA-HT-7686,BraTS20_Training_326,29,female,astrocytoma,LGG,Mutant,Mutant,non-codel
TCGA-HT-7690,BraTS20_Training_327,29,male,oligoastrocytoma,LGG,Mutant,Mutant,non-codel
TCGA-HT-7694,BraTS20_Training_328,60,male,oligodendroglioma,LGG,Mutant,WT,codel
TCGA-HT-7879,BraTS20_Training_329,31,male,oligoastrocytoma,LGG,Mutant,Mutant,non-codel
TCGA-HT-7884,BraTS20_Training_330,44,female,astrocytoma,LGG,Mutant,Mutant,non-codel
TCGA-HT-8018,BraTS20_Training_331,40,female,oligoastrocytoma,LGG,Mutant,Mutant,non-codel
TCGA-HT-8111,BraTS20_Training_332,32,male,oligoastrocytoma,LGG,Mutant,Mutant,non-codel
TCGA-HT-8114,BraTS20_Training_333,36,male,oligoastrocytoma,LGG,Mutant,Mutant,non-codel
TCGA-HT-8563,BraTS20_Training_334,30,female,astrocytoma,LGG,Mutant,Mutant,non-codel
TCGA-HT-A61A,BraTS20_Training_335,20,female,oligodendroglioma,LGG,Mutant,WT,non-codel
NA,BraTS20_Training_336,NA,NA,NA,HGG,NA,NA,NA
NA,BraTS20_Training_337,NA,NA,NA,HGG,NA,NA,NA
NA,BraTS20_Training_338,NA,NA,NA,HGG,NA,NA,NA
NA,BraTS20_Training_339,NA,NA,NA,HGG,NA,NA,NA
NA,BraTS20_Training_340,NA,NA,NA,HGG,NA,NA,NA
NA,BraTS20_Training_341,NA,NA,NA,HGG,NA,NA,NA
NA,BraTS20_Training_342,NA,NA,NA,HGG,NA,NA,NA
NA,BraTS20_Training_343,NA,NA,NA,HGG,NA,NA,NA
NA,BraTS20_Training_344,NA,NA,NA,HGG,NA,NA,NA
NA,BraTS20_Training_345,NA,NA,NA,HGG,NA,NA,NA
NA,BraTS20_Training_346,NA,NA,NA,HGG,NA,NA,NA
NA,BraTS20_Training_347,NA,NA,NA,HGG,NA,NA,NA
NA,BraTS20_Training_348,NA,NA,NA,HGG,NA,NA,NA
NA,BraTS20_Training_349,NA,NA,NA,HGG,NA,NA,NA
NA,BraTS20_Training_350,NA,NA,NA,HGG,NA,NA,NA
NA,BraTS20_Training_351,NA,NA,NA,HGG,NA,NA,NA
NA,BraTS20_Training_352,NA,NA,NA,HGG,NA,NA,NA
NA,BraTS20_Training_353,NA,NA,NA,HGG,NA,NA,NA
NA,BraTS20_Training_354,NA,NA,NA,HGG,NA,NA,NA
NA,BraTS20_Training_355,NA,NA,NA,HGG,NA,NA,NA
NA,BraTS20_Training_356,NA,NA,NA,HGG,NA,NA,NA
NA,BraTS20_Training_357,NA,NA,NA,HGG,NA,NA,NA
NA,BraTS20_Training_358,NA,NA,NA,HGG,NA,NA,NA
NA,BraTS20_Training_359,NA,NA,NA,HGG,NA,NA,NA
NA,BraTS20_Training_360,NA,NA,NA,HGG,NA,NA,NA
NA,BraTS20_Training_361,NA,NA,NA,HGG,NA,NA,NA
NA,BraTS20_Training_362,NA,NA,NA,HGG,NA,NA,NA
NA,BraTS20_Training_363,NA,NA,NA,HGG,NA,NA,NA
NA,BraTS20_Training_364,NA,NA,NA,HGG,NA,NA,NA
NA,BraTS20_Training_365,NA,NA,NA,HGG,NA,NA,NA
NA,BraTS20_Training_366,NA,NA,NA,HGG,NA,NA,NA
NA,BraTS20_Training_367,NA,NA,NA,HGG,NA,NA,NA
NA,BraTS20_Training_368,NA,NA,NA,HGG,NA,NA,NA
NA,BraTS20_Training_369,NA,NA,NA,HGG,NA,NA,NA
TCGA-CS-5396,BraTS20_Training_274,53,female,oligodendroglioma,LGG,Mutant,WT,codel
TCGA-CS-6668,BraTS20_Training_280,57,female,oligodendroglioma,LGG,Mutant,WT,codel
TCGA-DU-5874,BraTS20_Training_286,62,female,oligodendroglioma,LGG,Mutant,WT,codel
TCGA-DU-7018,BraTS20_Training_293,57,female,oligodendroglioma,LGG,Mutant,WT,codel
TCGA-DU-7294,BraTS20_Training_295,53,female,oligodendroglioma,LGG,Mutant,WT,codel
TCGA-DU-7300,BraTS20_Training_298,53,female,oligodendroglioma,LGG,Mutant,WT,codel
TCGA-DU-7302,BraTS20_Training_300,48,female,oligodendroglioma,LGG,Mutant,WT,codel
TCGA-DU-8164,BraTS20_Training_305,51,male,oligodendroglioma,LGG,Mutant,WT,codel
TCGA-DU-8168,BraTS20_Training_308,55,female,oligodendroglioma,LGG,Mutant,WT,codel
TCGA-DU-A6S8,BraTS20_Training_316,74,female,oligodendroglioma,LGG,Mutant,WT,codel
TCGA-FG-5964,BraTS20_Training_317,62,male,oligodendroglioma,LGG,Mutant,WT,codel
TCGA-FG-7634,BraTS20_Training_321,28,male,oligodendroglioma,LGG,Mutant,WT,codel
TCGA-HT-7694,BraTS20_Training_328,60,male,oligodendroglioma,LGG,Mutant,WT,codel
TCGA-CS-6666,BraTS20_Training_279,22,male,astrocytoma,LGG,Mutant,Mutant,non-codel
TCGA-DU-5851,BraTS20_Training_282,40,female,oligoastrocytoma,LGG,Mutant,Mutant,non-codel
TCGA-DU-5855,BraTS20_Training_284,49,female,oligoastrocytoma,LGG,Mutant,Mutant,non-codel
TCGA-DU-5872,BraTS20_Training_285,43,female,oligoastrocytoma,LGG,Mutant,Mutant,non-codel
TCGA-DU-7008,BraTS20_Training_289,41,female,oligodendroglioma,LGG,Mutant,Mutant,non-codel
TCGA-DU-7015,BraTS20_Training_292,41,female,oligodendroglioma,LGG,Mutant,Mutant,non-codel
TCGA-DU-7298,BraTS20_Training_296,38,female,astrocytoma,LGG,Mutant,Mutant,non-codel
TCGA-DU-7301,BraTS20_Training_299,53,male,oligodendroglioma,LGG,Mutant,Mutant,non-codel
TCGA-DU-7304,BraTS20_Training_301,43,male,oligoastrocytoma,LGG,Mutant,Mutant,non-codel
TCGA-DU-7306,BraTS20_Training_302,67,male,oligoastrocytoma,LGG,Mutant,Mutant,non-codel
TCGA-DU-7309,BraTS20_Training_303,41,female,oligodendroglioma,LGG,Mutant,Mutant,non-codel
TCGA-HT-7694,BraTS20_Training_328,60,male,oligodendroglioma,LGG,Mutant,WT,codel
TCGA-HT-7879,BraTS20_Training_329,31,male,oligoastrocytoma,LGG,Mutant,Mutant,non-codel
TCGA-HT-7884,BraTS20_Training_330,44,female,astrocytoma,LGG,Mutant,Mutant,non-codel
TCGA-HT-8018,BraTS20_Training_331,40,female,oligoastrocytoma,LGG,Mutant,Mutant,non-codel
TCGA-HT-8111,BraTS20_Training_332,32,male,oligoastrocytoma,LGG,Mutant,Mutant,non-codel
TCGA-HT-8114,BraTS20_Training_333,36,male,oligoastrocytoma,LGG,Mutant,Mutant,non-codel
TCGA-HT-8563,BraTS20_Training_334,30,female,astrocytoma,LGG,Mutant,Mutant,non-codel
TCGA-CS-5396,BraTS20_Training_274,53,female,oligodendroglioma,LGG,Mutant,WT,codel
TCGA-CS-6668,BraTS20_Training_280,57,female,oligodendroglioma,LGG,Mutant,WT,codel
TCGA-DU-5874,BraTS20_Training_286,62,female,oligodendroglioma,LGG,Mutant,WT,codel
TCGA-DU-7018,BraTS20_Training_293,57,female,oligodendroglioma,LGG,Mutant,WT,codel
TCGA-DU-7294,BraTS20_Training_295,53,female,oligodendroglioma,LGG,Mutant,WT,codel
TCGA-DU-7300,BraTS20_Training_298,53,female,oligodendroglioma,LGG,Mutant,WT,codel
TCGA-DU-7302,BraTS20_Training_300,48,female,oligodendroglioma,LGG,Mutant,WT,codel
TCGA-DU-8164,BraTS20_Training_305,51,male,oligodendroglioma,LGG,Mutant,WT,codel
TCGA-DU-8168,BraTS20_Training_308,55,female,oligodendroglioma,LGG,Mutant,WT,codel
TCGA-DU-A6S8,BraTS20_Training_316,74,female,oligodendroglioma,LGG,Mutant,WT,codel
TCGA-FG-5964,BraTS20_Training_317,62,male,oligodendroglioma,LGG,Mutant,WT,codel
TCGA-FG-7634,BraTS20_Training_321,28,male,oligodendroglioma,LGG,Mutant,WT,codel
TCGA-HT-7694,BraTS20_Training_328,60,male,oligodendroglioma,LGG,Mutant,WT,codel
